file,line,kind,tag,event,handler_calls,handler_ref,aria_label,control_type,disabled_expression,ga_button_id,status
"src/App.tsx","1271","component","Header","onOpenProfile","setActiveTab","","","","","","SOURCE_ONLY_NOT_BROWSER_VERIFIED"
"src/App.tsx","1271","component","Header","onOpenCreateStory","","openCreateStory","","","","","SOURCE_ONLY_NOT_BROWSER_VERIFIED"
"src/App.tsx","1271","component","Header","onGoHome","setActiveTab","","","","","","SOURCE_ONLY_NOT_BROWSER_VERIFIED"
"src/App.tsx","1293","component","BalanceGameSection","onRequireLogin","blockedForGuest | setLoginPromptMessage","","","","","","SOURCE_ONLY_NOT_BROWSER_VERIFIED"
"src/App.tsx","1304","component","WeeklyTopBanner","onSelectStory","","openStoryDetail","","","","","SOURCE_ONLY_NOT_BROWSER_VERIFIED"
"src/App.tsx","1315","dom","button","onClick","setSelectedCategory","","","","","","SOURCE_ONLY_NOT_BROWSER_VERIFIED"
"src/App.tsx","1331","dom","button","onClick","setSortBy","","","","","","SOURCE_ONLY_NOT_BROWSER_VERIFIED"
"src/App.tsx","1341","dom","button","onClick","setSortBy","","","","","","SOURCE_ONLY_NOT_BROWSER_VERIFIED"
"src/App.tsx","1363","dom","button","onClick","","openCreateStory","","","","","SOURCE_ONLY_NOT_BROWSER_VERIFIED"
"src/App.tsx","1372","component","StoryCard","onRequireAdultVerification","setIsAdultVerificationOpen","","","","","","SOURCE_ONLY_NOT_BROWSER_VERIFIED"
"src/App.tsx","1372","component","StoryCard","onSelect","","openStoryDetail","","","","","SOURCE_ONLY_NOT_BROWSER_VERIFIED"
"src/App.tsx","1372","component","StoryCard","onVote","","handleVote","","","","","SOURCE_ONLY_NOT_BROWSER_VERIFIED"
"src/App.tsx","1372","component","StoryCard","onStartAIChatWithStory","","handleStartAIChatWithStory","","","","","SOURCE_ONLY_NOT_BROWSER_VERIFIED"
"src/App.tsx","1372","component","StoryCard","onReport","","handleReport","","","","","SOURCE_ONLY_NOT_BROWSER_VERIFIED"
"src/App.tsx","1372","component","StoryCard","onEdit","","handleEditStory","","","","","SOURCE_ONLY_NOT_BROWSER_VERIFIED"
"src/App.tsx","1372","component","StoryCard","onDelete","","handleDeleteStory","","","","","SOURCE_ONLY_NOT_BROWSER_VERIFIED"
"src/App.tsx","1372","component","StoryCard","onHide","","handleHideStory","","","","","SOURCE_ONLY_NOT_BROWSER_VERIFIED"
"src/App.tsx","1372","component","StoryCard","onAppeal","setAppealTargetId","","","","","","SOURCE_ONLY_NOT_BROWSER_VERIFIED"
"src/App.tsx","1398","component","AIChatView","onRequireLogin","blockedForGuest | setLoginPromptMessage","","","","","","SOURCE_ONLY_NOT_BROWSER_VERIFIED"
"src/App.tsx","1398","component","AIChatView","onCrisisDetected","notifyIfCrisis","","","","","","SOURCE_ONLY_NOT_BROWSER_VERIFIED"
"src/App.tsx","1398","component","AIChatView","onStartSession","['내 편 100%', '반반', '상대편 100%', '상대편 입장 100%'].includes | persona.description.includes | Date.now | new Date().toLocaleTimeString | new Date().toISOString | setActiveChatSession | setAiExplainSettingsStory","","","","","","SOURCE_ONLY_NOT_BROWSER_VERIFIED"
"src/App.tsx","1398","component","AIChatView","onEndSession","setActiveChatSession","","","","","","SOURCE_ONLY_NOT_BROWSER_VERIFIED"
"src/App.tsx","1398","component","AIChatView","onUpdateSession","","handleUpdateSession","","","","","SOURCE_ONLY_NOT_BROWSER_VERIFIED"
"src/App.tsx","1398","component","AIChatView","onOpenSettings","setIsExplainSettingsModalOpen","","","","","","SOURCE_ONLY_NOT_BROWSER_VERIFIED"
"src/App.tsx","1398","component","AIChatView","onTogglePinPersona","","handleTogglePinPersona","","","","","SOURCE_ONLY_NOT_BROWSER_VERIFIED"
"src/App.tsx","1398","component","AIChatView","onDeletePersona","","handleDeletePersona","","","","","SOURCE_ONLY_NOT_BROWSER_VERIFIED"
"src/App.tsx","1398","component","AIChatView","onReportErrorPersona","","handleReportErrorPersona","","","","","SOURCE_ONLY_NOT_BROWSER_VERIFIED"
"src/App.tsx","1398","component","AIChatView","onGoToFeed","setActiveTab","","","","","","SOURCE_ONLY_NOT_BROWSER_VERIFIED"
"src/App.tsx","1398","component","AIChatView","onReturnToStory","stories.find | setActiveTab | openStoryDetail","","","","","","SOURCE_ONLY_NOT_BROWSER_VERIFIED"
"src/App.tsx","1461","component","MyPageView","onRequireLogin","blockedForGuest | setLoginPromptMessage","","","","","","SOURCE_ONLY_NOT_BROWSER_VERIFIED"
"src/App.tsx","1461","component","MyPageView","onUpdateNickname","","handleUpdateNickname","","","","","SOURCE_ONLY_NOT_BROWSER_VERIFIED"
"src/App.tsx","1461","component","MyPageView","onGenerateRandomNickname","","handleGenerateRandomNickname","","","","","SOURCE_ONLY_NOT_BROWSER_VERIFIED"
"src/App.tsx","1461","component","MyPageView","onSelectStory","","openStoryDetail","","","","","SOURCE_ONLY_NOT_BROWSER_VERIFIED"
"src/App.tsx","1461","component","MyPageView","onDeleteAllAiChats","","handleDeleteAllAiChats","","","","","SOURCE_ONLY_NOT_BROWSER_VERIFIED"
"src/App.tsx","1508","dom","button","onClick","","openCreateStory","","","","","SOURCE_ONLY_NOT_BROWSER_VERIFIED"
"src/App.tsx","1519","dom","button","onClick","","openCreateStory","""익명 사연 쓰기""","","","","SOURCE_ONLY_NOT_BROWSER_VERIFIED"
"src/App.tsx","1530","component","Navbar","onTabChange","setActiveTab | setActiveChatSession","","","","","","SOURCE_ONLY_NOT_BROWSER_VERIFIED"
"src/App.tsx","1547","component","WelcomeModal","onComplete","","handleCompleteWelcome","","","","","SOURCE_ONLY_NOT_BROWSER_VERIFIED"
"src/App.tsx","1547","component","WelcomeModal","onGuestBrowse","","handleGuestBrowse","","","","","SOURCE_ONLY_NOT_BROWSER_VERIFIED"
"src/App.tsx","1553","component","CrisisSupportModal","onClose","setIsCrisisOpen","","","","","","SOURCE_ONLY_NOT_BROWSER_VERIFIED"
"src/App.tsx","1566","dom","textarea","","","","","","","","SOURCE_ONLY_NOT_BROWSER_VERIFIED"
"src/App.tsx","1574","dom","button","onClick","setAppealTargetId","","","","","","SOURCE_ONLY_NOT_BROWSER_VERIFIED"
"src/App.tsx","1580","dom","button","onClick","document.getElementById | el?.value.trim | handleSubmitAppeal | setAppealTargetId","","","","","","SOURCE_ONLY_NOT_BROWSER_VERIFIED"
"src/App.tsx","1597","component","LoginPromptModal","onClose","setLoginPromptMessage","","","","","","SOURCE_ONLY_NOT_BROWSER_VERIFIED"
"src/App.tsx","1597","component","LoginPromptModal","onGoToLogin","","handleGoToLogin","","","","","SOURCE_ONLY_NOT_BROWSER_VERIFIED"
"src/App.tsx","1604","component","StoryDetailModal","onClose","","closeStoryDetail","","","","","SOURCE_ONLY_NOT_BROWSER_VERIFIED"
"src/App.tsx","1604","component","StoryDetailModal","onVote","","handleVote","","","","","SOURCE_ONLY_NOT_BROWSER_VERIFIED"
"src/App.tsx","1604","component","StoryDetailModal","onAddComment","","handleAddComment","","","","","SOURCE_ONLY_NOT_BROWSER_VERIFIED"
"src/App.tsx","1604","component","StoryDetailModal","onLikeComment","","handleLikeComment","","","","","SOURCE_ONLY_NOT_BROWSER_VERIFIED"
"src/App.tsx","1604","component","StoryDetailModal","onStartAIChat","","handleStartAIChatWithStory","","","","","SOURCE_ONLY_NOT_BROWSER_VERIFIED"
"src/App.tsx","1604","component","StoryDetailModal","onRequireLogin","blockedForGuest | setLoginPromptMessage","","","","","","SOURCE_ONLY_NOT_BROWSER_VERIFIED"
"src/App.tsx","1604","component","StoryDetailModal","onReportStory","","handleReport","","","","","SOURCE_ONLY_NOT_BROWSER_VERIFIED"
"src/App.tsx","1604","component","StoryDetailModal","onEditStory","","handleEditStory","","","","","SOURCE_ONLY_NOT_BROWSER_VERIFIED"
"src/App.tsx","1604","component","StoryDetailModal","onDeleteStory","","handleDeleteStory","","","","","SOURCE_ONLY_NOT_BROWSER_VERIFIED"
"src/App.tsx","1604","component","StoryDetailModal","onHideStory","","handleHideStory","","","","","SOURCE_ONLY_NOT_BROWSER_VERIFIED"
"src/App.tsx","1604","component","StoryDetailModal","onReportComment","","handleReport","","","","","SOURCE_ONLY_NOT_BROWSER_VERIFIED"
"src/App.tsx","1604","component","StoryDetailModal","onEditComment","","handleEditComment","","","","","SOURCE_ONLY_NOT_BROWSER_VERIFIED"
"src/App.tsx","1604","component","StoryDetailModal","onDeleteComment","","handleDeleteComment","","","","","SOURCE_ONLY_NOT_BROWSER_VERIFIED"
"src/App.tsx","1628","component","CreateStoryModal","onClose","setIsCreateStoryOpen | setEditingStory","","","","","","SOURCE_ONLY_NOT_BROWSER_VERIFIED"
"src/App.tsx","1628","component","CreateStoryModal","onSubmit","","handleCreateStory","","","","","SOURCE_ONLY_NOT_BROWSER_VERIFIED"
"src/App.tsx","1638","component","ReportModal","onClose","setIsReportOpen","","","","","","SOURCE_ONLY_NOT_BROWSER_VERIFIED"
"src/App.tsx","1638","component","ReportModal","onSubmitReport","","handleSubmitReport","","","","","SOURCE_ONLY_NOT_BROWSER_VERIFIED"
"src/App.tsx","1645","component","AdultVerificationModal","onClose","setIsAdultVerificationOpen","","","","","","SOURCE_ONLY_NOT_BROWSER_VERIFIED"
"src/App.tsx","1645","component","AdultVerificationModal","onVerify","","handleVerifyAdult","","","","","SOURCE_ONLY_NOT_BROWSER_VERIFIED"
"src/App.tsx","1651","component","DeleteConfirmModal","onClose","setStoryToDelete","","","","","","SOURCE_ONLY_NOT_BROWSER_VERIFIED"
"src/App.tsx","1651","component","DeleteConfirmModal","onConfirm","","confirmDeleteStory","","","","","SOURCE_ONLY_NOT_BROWSER_VERIFIED"
"src/App.tsx","1658","component","PremiumModal","onClose","setPremiumModalStory","","","","","","SOURCE_ONLY_NOT_BROWSER_VERIFIED"
"src/App.tsx","1658","component","PremiumModal","onDemoClick","handleStartAIChatWithStory | setPremiumModalStory","","","","","","SOURCE_ONLY_NOT_BROWSER_VERIFIED"
"src/App.tsx","1672","component","AIChatModeSelectionModal","onClose","setAiChatModeStory","","","","","","SOURCE_ONLY_NOT_BROWSER_VERIFIED"
"src/App.tsx","1672","component","AIChatModeSelectionModal","onSelectMode","","handleSelectAiChatMode","","","","","SOURCE_ONLY_NOT_BROWSER_VERIFIED"
"src/App.tsx","1681","component","AIExplainSettingsModal","onClose","setIsExplainSettingsModalOpen | setAiExplainSettingsStory","","","","","","SOURCE_ONLY_NOT_BROWSER_VERIFIED"
"src/App.tsx","1681","component","AIExplainSettingsModal","onConfirm","","handleConfirmExplainSettings","","","","","SOURCE_ONLY_NOT_BROWSER_VERIFIED"
"src/App.tsx","1695","component","AIErrorReportModal","onClose","setErrorReportPersona","","","","","","SOURCE_ONLY_NOT_BROWSER_VERIFIED"
"src/App.tsx","1695","component","AIErrorReportModal","onSubmit","","handleSubmitAIError","","","","","SOURCE_ONLY_NOT_BROWSER_VERIFIED"
"src/components/AIChatModeSelectionModal.tsx","47","dom","button","onClick","setStep","","","","","","SOURCE_ONLY_NOT_BROWSER_VERIFIED"
"src/components/AIChatModeSelectionModal.tsx","55","dom","button","onClick","","onClose","","","","","SOURCE_ONLY_NOT_BROWSER_VERIFIED"
"src/components/AIChatModeSelectionModal.tsx","64","dom","button","onClick","track | setStep","","","","","","SOURCE_ONLY_NOT_BROWSER_VERIFIED"
"src/components/AIChatModeSelectionModal.tsx","79","dom","button","onClick","track | onSelectMode","","","","","","SOURCE_ONLY_NOT_BROWSER_VERIFIED"
"src/components/AIChatModeSelectionModal.tsx","104","dom","button","onClick","onSelectMode","","","","","","SOURCE_ONLY_NOT_BROWSER_VERIFIED"
"src/components/AIChatView.tsx","411","dom","button","onClick","","onGoToFeed","","","","","SOURCE_ONLY_NOT_BROWSER_VERIFIED"
"src/components/AIChatView.tsx","423","dom","div","onClick","openPersona","","","","","","SOURCE_ONLY_NOT_BROWSER_VERIFIED"
"src/components/AIChatView.tsx","444","dom","button","onClick","e.stopPropagation | setOpenMenuId","","","","","","SOURCE_ONLY_NOT_BROWSER_VERIFIED"
"src/components/AIChatView.tsx","463","dom","button","onClick","e.stopPropagation | setOpenMenuId | onTogglePinPersona","","","","","","SOURCE_ONLY_NOT_BROWSER_VERIFIED"
"src/components/AIChatView.tsx","468","dom","button","onClick","e.stopPropagation | setOpenMenuId | onReportErrorPersona","","","","","","SOURCE_ONLY_NOT_BROWSER_VERIFIED"
"src/components/AIChatView.tsx","473","dom","button","onClick","e.stopPropagation | setOpenMenuId | onDeletePersona","","","","","","SOURCE_ONLY_NOT_BROWSER_VERIFIED"
"src/components/AIChatView.tsx","497","dom","button","onClick","e.stopPropagation | openPersona","","","","","","SOURCE_ONLY_NOT_BROWSER_VERIFIED"
"src/components/AIChatView.tsx","527","dom","button","onClick","","handleLeave","""대화창 나가기""","","","","SOURCE_ONLY_NOT_BROWSER_VERIFIED"
"src/components/AIChatView.tsx","543","dom","button","onClick","","onOpenSettings","""공감 비율 설정 변경""","","","","SOURCE_ONLY_NOT_BROWSER_VERIFIED"
"src/components/AIChatView.tsx","547","dom","button","onClick","setShowExitChoice | setShowDeleteModal","","""대화 끝내기""","","","","SOURCE_ONLY_NOT_BROWSER_VERIFIED"
"src/components/AIChatView.tsx","603","dom","button","onClick","setFailedText | sendMessage","","","""button""","{isLoading}","","SOURCE_ONLY_NOT_BROWSER_VERIFIED"
"src/components/AIChatView.tsx","654","dom","button","onClick","setSimEndResult","","","""button""","","","SOURCE_ONLY_NOT_BROWSER_VERIFIED"
"src/components/AIChatView.tsx","661","dom","button","onClick","setSimEndResult","","","""button""","","","SOURCE_ONLY_NOT_BROWSER_VERIFIED"
"src/components/AIChatView.tsx","674","component","SessionSummaryCard","onJumpToMessage","","jumpToMessage","","","","","SOURCE_ONLY_NOT_BROWSER_VERIFIED"
"src/components/AIChatView.tsx","674","component","SessionSummaryCard","onContinue","setSimEndResult","","","","","","SOURCE_ONLY_NOT_BROWSER_VERIFIED"
"src/components/AIChatView.tsx","674","component","SessionSummaryCard","onFinish","","finishAndKeep","","","","","SOURCE_ONLY_NOT_BROWSER_VERIFIED"
"src/components/AIChatView.tsx","698","dom","button","onClick","onRequireLogin","","","""button""","","","SOURCE_ONLY_NOT_BROWSER_VERIFIED"
"src/components/AIChatView.tsx","710","dom","form","onSubmit","","handleSendMessage","","","","","SOURCE_ONLY_NOT_BROWSER_VERIFIED"
"src/components/AIChatView.tsx","711","dom","input","onChange","setInputText","","","""text""","","","SOURCE_ONLY_NOT_BROWSER_VERIFIED"
"src/components/AIChatView.tsx","718","dom","button","","","","","""submit""","{!inputText.trim() || isLoading}","","SOURCE_ONLY_NOT_BROWSER_VERIFIED"
"src/components/AIChatView.tsx","731","dom","div","onClick","setShowExitChoice","","","","","","SOURCE_ONLY_NOT_BROWSER_VERIFIED"
"src/components/AIChatView.tsx","735","dom","div","onClick","e.stopPropagation","","","","","","SOURCE_ONLY_NOT_BROWSER_VERIFIED"
"src/components/AIChatView.tsx","737","dom","button","onClick","setShowExitChoice","","""취소""","","","","SOURCE_ONLY_NOT_BROWSER_VERIFIED"
"src/components/AIChatView.tsx","756","dom","button","onClick","","keepAndClose","","","","","SOURCE_ONLY_NOT_BROWSER_VERIFIED"
"src/components/AIChatView.tsx","762","dom","button","onClick","","discardAndClose","","","","","SOURCE_ONLY_NOT_BROWSER_VERIFIED"
"src/components/AIChatView.tsx","776","dom","div","onClick","setShowDeleteModal","","","","","","SOURCE_ONLY_NOT_BROWSER_VERIFIED"
"src/components/AIChatView.tsx","777","dom","div","onClick","e.stopPropagation","","","","","","SOURCE_ONLY_NOT_BROWSER_VERIFIED"
"src/components/AIChatView.tsx","781","dom","button","onClick","setShowDeleteModal","","","","","","SOURCE_ONLY_NOT_BROWSER_VERIFIED"
"src/components/AIChatView.tsx","790","dom","button","onClick","setShowDeleteModal","","","","","","SOURCE_ONLY_NOT_BROWSER_VERIFIED"
"src/components/AIChatView.tsx","796","dom","button","onClick","","confirmEndChat","","","","","SOURCE_ONLY_NOT_BROWSER_VERIFIED"
"src/components/AIErrorReportModal.tsx","21","dom","div","onClick","","onClose","","","","","SOURCE_ONLY_NOT_BROWSER_VERIFIED"
"src/components/AIErrorReportModal.tsx","22","dom","div","onClick","e.stopPropagation","","","","","","SOURCE_ONLY_NOT_BROWSER_VERIFIED"
"src/components/AIErrorReportModal.tsx","30","dom","button","onClick","","onClose","","","","","SOURCE_ONLY_NOT_BROWSER_VERIFIED"
"src/components/AIErrorReportModal.tsx","36","dom","form","onSubmit","","handleSubmit","","","","","SOURCE_ONLY_NOT_BROWSER_VERIFIED"
"src/components/AIErrorReportModal.tsx","41","dom","textarea","onChange","setErrorContent","","","","","","SOURCE_ONLY_NOT_BROWSER_VERIFIED"
"src/components/AIErrorReportModal.tsx","52","dom","button","onClick","","onClose","","""button""","","","SOURCE_ONLY_NOT_BROWSER_VERIFIED"
"src/components/AIErrorReportModal.tsx","59","dom","button","","","","","""submit""","{!errorContent.trim()}","","SOURCE_ONLY_NOT_BROWSER_VERIFIED"
"src/components/AIExplainSettingsModal.tsx","29","dom","button","onClick","","onClose","","","","","SOURCE_ONLY_NOT_BROWSER_VERIFIED"
"src/components/AIExplainSettingsModal.tsx","46","dom","input","onChange","setRatio","","","""radio""","","","SOURCE_ONLY_NOT_BROWSER_VERIFIED"
"src/components/AIExplainSettingsModal.tsx","60","dom","input","onChange","setRatio","","","""radio""","","","SOURCE_ONLY_NOT_BROWSER_VERIFIED"
"src/components/AIExplainSettingsModal.tsx","74","dom","input","onChange","setRatio","","","""radio""","","","SOURCE_ONLY_NOT_BROWSER_VERIFIED"
"src/components/AIExplainSettingsModal.tsx","89","dom","button","onClick","onConfirm","","","","","","SOURCE_ONLY_NOT_BROWSER_VERIFIED"
"src/components/AdultVerificationModal.tsx","20","dom","button","onClick","","onClose","","","","","SOURCE_ONLY_NOT_BROWSER_VERIFIED"
"src/components/AdultVerificationModal.tsx","43","dom","button","onClick","onVerify | onClose","","","","","","SOURCE_ONLY_NOT_BROWSER_VERIFIED"
"src/components/BalanceGameSection.tsx","235","dom","section","onMouseEnter","setIsHovered","","","","","","SOURCE_ONLY_NOT_BROWSER_VERIFIED"
"src/components/BalanceGameSection.tsx","235","dom","section","onMouseLeave","setIsHovered | handleDragEnd","","","","","","SOURCE_ONLY_NOT_BROWSER_VERIFIED"
"src/components/BalanceGameSection.tsx","235","dom","section","onTouchStart","handleDragStart","","","","","","SOURCE_ONLY_NOT_BROWSER_VERIFIED"
"src/components/BalanceGameSection.tsx","235","dom","section","onTouchMove","handleDragMove","","","","","","SOURCE_ONLY_NOT_BROWSER_VERIFIED"
"src/components/BalanceGameSection.tsx","235","dom","section","onTouchEnd","","handleDragEnd","","","","","SOURCE_ONLY_NOT_BROWSER_VERIFIED"
"src/components/BalanceGameSection.tsx","235","dom","section","onMouseDown","handleDragStart","","","","","","SOURCE_ONLY_NOT_BROWSER_VERIFIED"
"src/components/BalanceGameSection.tsx","235","dom","section","onMouseMove","handleDragMove","","","","","","SOURCE_ONLY_NOT_BROWSER_VERIFIED"
"src/components/BalanceGameSection.tsx","235","dom","section","onMouseUp","","handleDragEnd","","","","","SOURCE_ONLY_NOT_BROWSER_VERIFIED"
"src/components/BalanceGameSection.tsx","253","dom","button","onClick","","handlePrev","""이전 배너 보기""","","","","SOURCE_ONLY_NOT_BROWSER_VERIFIED"
"src/components/BalanceGameSection.tsx","260","dom","button","onClick","","handleNext","""다음 배너 보기""","","","","SOURCE_ONLY_NOT_BROWSER_VERIFIED"
"src/components/BalanceGameSection.tsx","291","dom","button","onClick","loadState","","","","","","SOURCE_ONLY_NOT_BROWSER_VERIFIED"
"src/components/BalanceGameSection.tsx","313","dom","button","onClick","handleVote","","","","","","SOURCE_ONLY_NOT_BROWSER_VERIFIED"
"src/components/BalanceGameSection.tsx","324","dom","button","onClick","handleVote","","","","","","SOURCE_ONLY_NOT_BROWSER_VERIFIED"
"src/components/BalanceGameSection.tsx","355","dom","button","onClick","setCurrentIndex","","{`밸런스 게임 ${idx + 1} 보기`}","","","","SOURCE_ONLY_NOT_BROWSER_VERIFIED"
"src/components/CreateStoryModal.tsx","139","dom","button","onClick","setShowAdultWarning","","","","","","SOURCE_ONLY_NOT_BROWSER_VERIFIED"
"src/components/CreateStoryModal.tsx","155","dom","button","onClick","","onClose","","","","","SOURCE_ONLY_NOT_BROWSER_VERIFIED"
"src/components/CreateStoryModal.tsx","161","dom","form","onSubmit","","handleSubmit","","","","","SOURCE_ONLY_NOT_BROWSER_VERIFIED"
"src/components/CreateStoryModal.tsx","177","dom","button","onClick","setCategory","","","""button""","","","SOURCE_ONLY_NOT_BROWSER_VERIFIED"
"src/components/CreateStoryModal.tsx","196","dom","input","onChange","setIsAdultCheck","","","""checkbox""","","","SOURCE_ONLY_NOT_BROWSER_VERIFIED"
"src/components/CreateStoryModal.tsx","215","dom","input","onChange","setTitle","","","""text""","","","SOURCE_ONLY_NOT_BROWSER_VERIFIED"
"src/components/CreateStoryModal.tsx","233","dom","textarea","onChange","setBody | setAiDetectedAdult","","","","","","SOURCE_ONLY_NOT_BROWSER_VERIFIED"
"src/components/CreateStoryModal.tsx","254","dom","input","onChange","setOpponentPersonality","","","""text""","","","SOURCE_ONLY_NOT_BROWSER_VERIFIED"
"src/components/CreateStoryModal.tsx","283","dom","button","onClick","","onClose","","""button""","","","SOURCE_ONLY_NOT_BROWSER_VERIFIED"
"src/components/CreateStoryModal.tsx","290","dom","button","","","","","""submit""","{isSubmitDisabled}","","SOURCE_ONLY_NOT_BROWSER_VERIFIED"
"src/components/CrisisSupportModal.tsx","44","dom","a","","","","","","","","SOURCE_ONLY_NOT_BROWSER_VERIFIED"
"src/components/CrisisSupportModal.tsx","55","dom","a","","","","","","","","SOURCE_ONLY_NOT_BROWSER_VERIFIED"
"src/components/CrisisSupportModal.tsx","64","dom","a","","","","","","","","SOURCE_ONLY_NOT_BROWSER_VERIFIED"
"src/components/CrisisSupportModal.tsx","71","dom","a","","","","","","","","SOURCE_ONLY_NOT_BROWSER_VERIFIED"
"src/components/CrisisSupportModal.tsx","87","dom","button","onClick","","onContinue","","","","","SOURCE_ONLY_NOT_BROWSER_VERIFIED"
"src/components/CrisisSupportModal.tsx","94","dom","button","onClick","","onClose","","","","","SOURCE_ONLY_NOT_BROWSER_VERIFIED"
"src/components/DeleteConfirmModal.tsx","24","dom","button","onClick","","onClose","","","","","SOURCE_ONLY_NOT_BROWSER_VERIFIED"
"src/components/DeleteConfirmModal.tsx","30","dom","button","onClick","","onConfirm","","","","","SOURCE_ONLY_NOT_BROWSER_VERIFIED"
"src/components/Header.tsx","38","dom","div","onClick","onGoHome | window.scrollTo","","","","","","SOURCE_ONLY_NOT_BROWSER_VERIFIED"
"src/components/Header.tsx","59","dom","button","onClick","","onOpenCreateStory","""사연 등록""","","","","SOURCE_ONLY_NOT_BROWSER_VERIFIED"
"src/components/Header.tsx","73","dom","button","onClick","","onOpenProfile","{`내 계정 (${user.nickname})`}","","","","SOURCE_ONLY_NOT_BROWSER_VERIFIED"
"src/components/LoginPromptModal.tsx","30","dom","button","onClick","","onGoToLogin","","","","","SOURCE_ONLY_NOT_BROWSER_VERIFIED"
"src/components/LoginPromptModal.tsx","36","dom","button","onClick","","onClose","","","","","SOURCE_ONLY_NOT_BROWSER_VERIFIED"
"src/components/MyPageView.tsx","194","dom","div","onClick","onSelectStory","","","","","","SOURCE_ONLY_NOT_BROWSER_VERIFIED"
"src/components/MyPageView.tsx","285","dom","button","onClick","onRequireLogin","","","","","","SOURCE_ONLY_NOT_BROWSER_VERIFIED"
"src/components/MyPageView.tsx","301","dom","button","onClick","setFaqOpen","","","","","","SOURCE_ONLY_NOT_BROWSER_VERIFIED"
"src/components/MyPageView.tsx","319","dom","a","","","","","","","","SOURCE_ONLY_NOT_BROWSER_VERIFIED"
"src/components/MyPageView.tsx","341","dom","button","onClick","setViewMode","","""요약 화면으로 돌아가기""","","","","SOURCE_ONLY_NOT_BROWSER_VERIFIED"
"src/components/MyPageView.tsx","349","dom","button","onClick","handleTabChange","","","","","","SOURCE_ONLY_NOT_BROWSER_VERIFIED"
"src/components/MyPageView.tsx","357","dom","button","onClick","handleTabChange","","","","","","SOURCE_ONLY_NOT_BROWSER_VERIFIED"
"src/components/MyPageView.tsx","365","dom","button","onClick","handleTabChange","","","","","","SOURCE_ONLY_NOT_BROWSER_VERIFIED"
"src/components/MyPageView.tsx","382","dom","button","onClick","setCurrentPage","","","","","","SOURCE_ONLY_NOT_BROWSER_VERIFIED"
"src/components/MyPageView.tsx","404","dom","button","onClick","setViewMode","","""요약 화면으로 돌아가기""","","","","SOURCE_ONLY_NOT_BROWSER_VERIFIED"
"src/components/MyPageView.tsx","418","dom","form","onSubmit","","handleChangePassword","","","","","SOURCE_ONLY_NOT_BROWSER_VERIFIED"
"src/components/MyPageView.tsx","419","dom","input","onChange","setPwCurrent","","","""password""","","","SOURCE_ONLY_NOT_BROWSER_VERIFIED"
"src/components/MyPageView.tsx","420","dom","input","onChange","setPwNext","","","""password""","","","SOURCE_ONLY_NOT_BROWSER_VERIFIED"
"src/components/MyPageView.tsx","421","dom","input","onChange","setPwConfirm","","","""password""","","","SOURCE_ONLY_NOT_BROWSER_VERIFIED"
"src/components/MyPageView.tsx","428","dom","button","","","","","""submit""","{pwBusy || !pwCurrent || !pwNext || !pwConfirm}","","SOURCE_ONLY_NOT_BROWSER_VERIFIED"
"src/components/MyPageView.tsx","438","dom","button","onClick","setShowDeleteModal","","","","","","SOURCE_ONLY_NOT_BROWSER_VERIFIED"
"src/components/MyPageView.tsx","457","dom","select","onChange","setDeleteReason","","","","","","SOURCE_ONLY_NOT_BROWSER_VERIFIED"
"src/components/MyPageView.tsx","471","dom","button","onClick","setShowDeleteModal","","","","","","SOURCE_ONLY_NOT_BROWSER_VERIFIED"
"src/components/MyPageView.tsx","474","dom","button","onClick","setDeleting | supabase.rpc | setSuccessMessage | alert | supabase.auth.signOut","","","","{!deleteReason || deleting}","","SOURCE_ONLY_NOT_BROWSER_VERIFIED"
"src/components/MyPageView.tsx","504","dom","button","onClick","setViewMode","","""요약 화면으로 돌아가기""","","","","SOURCE_ONLY_NOT_BROWSER_VERIFIED"
"src/components/MyPageView.tsx","543","dom","textarea","onChange","setReplyDraft","","","","","","SOURCE_ONLY_NOT_BROWSER_VERIFIED"
"src/components/MyPageView.tsx","550","dom","button","onClick","(replyDraft[q.id] ?? '').trim | setReplyingId | replyToInquiry | alert | setReplyDraft | fetchAllInquiries().then | fetchAllInquiries","","","","{!(replyDraft[q.id] ?? '').trim() || replyingId === q.id}","","SOURCE_ONLY_NOT_BROWSER_VERIFIED"
"src/components/MyPageView.tsx","580","dom","button","onClick","setViewMode","","""요약 화면으로 돌아가기""","","","","SOURCE_ONLY_NOT_BROWSER_VERIFIED"
"src/components/MyPageView.tsx","591","dom","button","onClick","setNotifyBalanceGame | saveNotify","","","","","","SOURCE_ONLY_NOT_BROWSER_VERIFIED"
"src/components/MyPageView.tsx","603","dom","button","onClick","setNotifyVotes | saveNotify","","","","","","SOURCE_ONLY_NOT_BROWSER_VERIFIED"
"src/components/MyPageView.tsx","615","dom","button","onClick","setNotifyComments | saveNotify","","","","","","SOURCE_ONLY_NOT_BROWSER_VERIFIED"
"src/components/MyPageView.tsx","631","dom","button","onClick","setViewMode","","""요약 화면으로 돌아가기""","","","","SOURCE_ONLY_NOT_BROWSER_VERIFIED"
"src/components/MyPageView.tsx","644","dom","button","onClick","setFaqOpen","","","","","","SOURCE_ONLY_NOT_BROWSER_VERIFIED"
"src/components/MyPageView.tsx","663","dom","textarea","onChange","setInquiryText","","","","","","SOURCE_ONLY_NOT_BROWSER_VERIFIED"
"src/components/MyPageView.tsx","670","dom","button","onClick","setInquirySending | supabase.auth.getUser | submitInquiry | inquiryText.trim | alert | setInquiryText | setInquiryDone | setTimeout | fetchMyInquiries().then | fetchMyInquiries","","","","{!inquiryText.trim() || inquirySending}","","SOURCE_ONLY_NOT_BROWSER_VERIFIED"
"src/components/MyPageView.tsx","748","dom","form","onSubmit","","handleSaveNickname","","","","","SOURCE_ONLY_NOT_BROWSER_VERIFIED"
"src/components/MyPageView.tsx","749","dom","input","onChange","setNicknameInput","","","""text""","","","SOURCE_ONLY_NOT_BROWSER_VERIFIED"
"src/components/MyPageView.tsx","756","dom","button","","","","","""submit""","","","SOURCE_ONLY_NOT_BROWSER_VERIFIED"
"src/components/MyPageView.tsx","762","dom","button","onClick","","onGenerateRandomNickname","","""button""","","","SOURCE_ONLY_NOT_BROWSER_VERIFIED"
"src/components/MyPageView.tsx","774","dom","button","onClick","setNicknameInput | setIsEditingNickname","","","","","","SOURCE_ONLY_NOT_BROWSER_VERIFIED"
"src/components/MyPageView.tsx","816","dom","button","onClick","handleTabChange","","","","","","SOURCE_ONLY_NOT_BROWSER_VERIFIED"
"src/components/MyPageView.tsx","824","dom","button","onClick","handleTabChange","","","","","","SOURCE_ONLY_NOT_BROWSER_VERIFIED"
"src/components/MyPageView.tsx","832","dom","button","onClick","handleTabChange","","","","","","SOURCE_ONLY_NOT_BROWSER_VERIFIED"
"src/components/MyPageView.tsx","848","dom","button","onClick","setViewMode","","","","","","SOURCE_ONLY_NOT_BROWSER_VERIFIED"
"src/components/MyPageView.tsx","860","dom","button","onClick","setViewMode","","","","","","SOURCE_ONLY_NOT_BROWSER_VERIFIED"
"src/components/MyPageView.tsx","864","dom","button","onClick","setViewMode","","","","","","SOURCE_ONLY_NOT_BROWSER_VERIFIED"
"src/components/MyPageView.tsx","868","dom","button","onClick","setViewMode","","","","","","SOURCE_ONLY_NOT_BROWSER_VERIFIED"
"src/components/MyPageView.tsx","875","dom","button","onClick","setViewMode","","","","","","SOURCE_ONLY_NOT_BROWSER_VERIFIED"
"src/components/MyPageView.tsx","883","dom","a","","","","","","","","SOURCE_ONLY_NOT_BROWSER_VERIFIED"
"src/components/MyPageView.tsx","920","dom","button","onClick","setConfirmWipe","","","","{wiping}","","SOURCE_ONLY_NOT_BROWSER_VERIFIED"
"src/components/MyPageView.tsx","927","dom","button","onClick","setWiping | onDeleteAllAiChats | setConfirmWipe","","","","{wiping}","","SOURCE_ONLY_NOT_BROWSER_VERIFIED"
"src/components/MyPageView.tsx","941","dom","button","onClick","setConfirmWipe","","","","","","SOURCE_ONLY_NOT_BROWSER_VERIFIED"
"src/components/MyPageView.tsx","953","dom","button","onClick","supabase.auth.signOut","","","","","","SOURCE_ONLY_NOT_BROWSER_VERIFIED"
"src/components/Navbar.tsx","15","dom","button","onClick","onTabChange","","","","","","SOURCE_ONLY_NOT_BROWSER_VERIFIED"
"src/components/Navbar.tsx","27","dom","button","onClick","onTabChange","","","","","","SOURCE_ONLY_NOT_BROWSER_VERIFIED"
"src/components/Navbar.tsx","39","dom","button","onClick","onTabChange","","","","","","SOURCE_ONLY_NOT_BROWSER_VERIFIED"
"src/components/PremiumModal.tsx","31","dom","button","onClick","","onClose","""닫기""","","","","SOURCE_ONLY_NOT_BROWSER_VERIFIED"
"src/components/PremiumModal.tsx","61","dom","button","onClick","","onClose","","","","","SOURCE_ONLY_NOT_BROWSER_VERIFIED"
"src/components/PremiumModal.tsx","68","dom","button","onClick","","onDemoClick","","","","","SOURCE_ONLY_NOT_BROWSER_VERIFIED"
"src/components/PremiumModal.tsx","75","dom","button","onClick","","onClose","","","","","SOURCE_ONLY_NOT_BROWSER_VERIFIED"
"src/components/ReportModal.tsx","76","dom","form","onSubmit","","handleSubmit","","","","","SOURCE_ONLY_NOT_BROWSER_VERIFIED"
"src/components/ReportModal.tsx","82","dom","button","onClick","","onClose","""닫기""","""button""","","","SOURCE_ONLY_NOT_BROWSER_VERIFIED"
"src/components/ReportModal.tsx","108","dom","input","onChange","setReason","","","""radio""","","","SOURCE_ONLY_NOT_BROWSER_VERIFIED"
"src/components/ReportModal.tsx","125","dom","textarea","onChange","setDetail","","","","","","SOURCE_ONLY_NOT_BROWSER_VERIFIED"
"src/components/ReportModal.tsx","136","dom","button","onClick","","onClose","","""button""","","","SOURCE_ONLY_NOT_BROWSER_VERIFIED"
"src/components/ReportModal.tsx","143","dom","button","","","","","""submit""","{!canSubmit}","","SOURCE_ONLY_NOT_BROWSER_VERIFIED"
"src/components/SessionSummaryCard.tsx","32","dom","button","onClick","onPick","","","""button""","","","SOURCE_ONLY_NOT_BROWSER_VERIFIED"
"src/components/SessionSummaryCard.tsx","104","dom","button","onClick","setCollapsed","","","""button""","","","SOURCE_ONLY_NOT_BROWSER_VERIFIED"
"src/components/SessionSummaryCard.tsx","149","component","MoodRow","onPick","","setMoodBefore","","","","","SOURCE_ONLY_NOT_BROWSER_VERIFIED"
"src/components/SessionSummaryCard.tsx","153","component","MoodRow","onPick","","setMoodAfter","","","","","SOURCE_ONLY_NOT_BROWSER_VERIFIED"
"src/components/SessionSummaryCard.tsx","163","dom","button","onClick","setCollapsed | onJumpToMessage","","","""button""","","","SOURCE_ONLY_NOT_BROWSER_VERIFIED"
"src/components/SessionSummaryCard.tsx","187","dom","input","onChange","setTakeaway","","","""text""","","","SOURCE_ONLY_NOT_BROWSER_VERIFIED"
"src/components/SessionSummaryCard.tsx","209","dom","button","onClick","","onContinue","","""button""","","","SOURCE_ONLY_NOT_BROWSER_VERIFIED"
"src/components/SessionSummaryCard.tsx","216","dom","button","onClick","","onFinish","","""button""","","","SOURCE_ONLY_NOT_BROWSER_VERIFIED"
"src/components/ShareResultBar.tsx","62","dom","button","onClick","","onPreview","","""button""","{!onPreview}","","SOURCE_ONLY_NOT_BROWSER_VERIFIED"
"src/components/ShareResultBar.tsx","73","dom","button","onClick","","handleDownload","""결과 카드 이미지 저장""","""button""","{busy}","","SOURCE_ONLY_NOT_BROWSER_VERIFIED"
"src/components/ShareResultBar.tsx","83","dom","button","onClick","","handleShare","","""button""","{busy}","","SOURCE_ONLY_NOT_BROWSER_VERIFIED"
"src/components/StoryCard.tsx","122","dom","button","onClick","e.stopPropagation | onAppeal","","","","","","SOURCE_ONLY_NOT_BROWSER_VERIFIED"
"src/components/StoryCard.tsx","135","dom","article","onClick","onRequireAdultVerification | onSelect","","","","","","SOURCE_ONLY_NOT_BROWSER_VERIFIED"
"src/components/StoryCard.tsx","174","dom","button","onClick","e.stopPropagation | setIsMenuOpen","","","","","","SOURCE_ONLY_NOT_BROWSER_VERIFIED"
"src/components/StoryCard.tsx","187","dom","button","onClick","e.stopPropagation | setIsMenuOpen | onEdit","","","","","","SOURCE_ONLY_NOT_BROWSER_VERIFIED"
"src/components/StoryCard.tsx","192","dom","button","onClick","e.stopPropagation | setIsMenuOpen | onHide","","","","","","SOURCE_ONLY_NOT_BROWSER_VERIFIED"
"src/components/StoryCard.tsx","196","dom","button","onClick","e.stopPropagation | setIsMenuOpen | onReport","","","","","","SOURCE_ONLY_NOT_BROWSER_VERIFIED"
"src/components/StoryCard.tsx","200","dom","button","onClick","e.stopPropagation | setIsMenuOpen | onDelete","","","","","","SOURCE_ONLY_NOT_BROWSER_VERIFIED"
"src/components/StoryCard.tsx","220","dom","button","onClick","e.stopPropagation | setIsExpanded","","","","","","SOURCE_ONLY_NOT_BROWSER_VERIFIED"
"src/components/StoryCard.tsx","242","dom","div","onClick","e.stopPropagation","","","","","","SOURCE_ONLY_NOT_BROWSER_VERIFIED"
"src/components/StoryCard.tsx","253","dom","button","onClick","e.stopPropagation | onRequireAdultVerification | handleVoteClick","","","","{isBlurRequired || isMyStory || (!!votedOption && !!story.voteChanged)}","","SOURCE_ONLY_NOT_BROWSER_VERIFIED"
"src/components/StoryCard.tsx","275","dom","button","onClick","e.stopPropagation | onRequireAdultVerification | handleVoteClick","","","","{isBlurRequired || isMyStory || (!!votedOption && !!story.voteChanged)}","","SOURCE_ONLY_NOT_BROWSER_VERIFIED"
"src/components/StoryCard.tsx","320","dom","button","onClick","e.stopPropagation | onRequireAdultVerification | setActiveCommentTab","","","""button""","","","SOURCE_ONLY_NOT_BROWSER_VERIFIED"
"src/components/StoryCard.tsx","357","dom","div","onClick","e.stopPropagation","","","","","","SOURCE_ONLY_NOT_BROWSER_VERIFIED"
"src/components/StoryCard.tsx","360","dom","button","onClick","setActiveCommentTab","","","","","","SOURCE_ONLY_NOT_BROWSER_VERIFIED"
"src/components/StoryCard.tsx","366","dom","button","onClick","setActiveCommentTab","","","","","","SOURCE_ONLY_NOT_BROWSER_VERIFIED"
"src/components/StoryCard.tsx","372","dom","button","onClick","setActiveCommentTab","","","","","","SOURCE_ONLY_NOT_BROWSER_VERIFIED"
"src/components/StoryCard.tsx","379","dom","button","onClick","setActiveCommentTab","","","","","","SOURCE_ONLY_NOT_BROWSER_VERIFIED"
"src/components/StoryDetailModal.tsx","247","dom","div","onClick","","onClose","","","","","SOURCE_ONLY_NOT_BROWSER_VERIFIED"
"src/components/StoryDetailModal.tsx","248","dom","div","onClick","e.stopPropagation","","","","","","SOURCE_ONLY_NOT_BROWSER_VERIFIED"
"src/components/StoryDetailModal.tsx","263","dom","button","onClick","e.stopPropagation | setIsMenuOpen","","","","","","SOURCE_ONLY_NOT_BROWSER_VERIFIED"
"src/components/StoryDetailModal.tsx","275","dom","button","onClick","setIsMenuOpen | onEditStory | onClose","","","","","","SOURCE_ONLY_NOT_BROWSER_VERIFIED"
"src/components/StoryDetailModal.tsx","280","dom","button","onClick","setIsMenuOpen | onHideStory | onClose","","","","","","SOURCE_ONLY_NOT_BROWSER_VERIFIED"
"src/components/StoryDetailModal.tsx","284","dom","button","onClick","setIsMenuOpen | onReportStory","","","","","","SOURCE_ONLY_NOT_BROWSER_VERIFIED"
"src/components/StoryDetailModal.tsx","288","dom","button","onClick","setIsMenuOpen | onDeleteStory","","","","","","SOURCE_ONLY_NOT_BROWSER_VERIFIED"
"src/components/StoryDetailModal.tsx","295","dom","button","onClick","","onClose","","","","","SOURCE_ONLY_NOT_BROWSER_VERIFIED"
"src/components/StoryDetailModal.tsx","349","dom","button","onClick","setShowSensitiveBody","","","","","","SOURCE_ONLY_NOT_BROWSER_VERIFIED"
"src/components/StoryDetailModal.tsx","355","dom","a","","","","","","","","SOURCE_ONLY_NOT_BROWSER_VERIFIED"
"src/components/StoryDetailModal.tsx","384","dom","button","onClick","handleVote","","","","{isMyStory || (!!votedOption && !!story.voteChanged)}","","SOURCE_ONLY_NOT_BROWSER_VERIFIED"
"src/components/StoryDetailModal.tsx","397","dom","button","onClick","handleVote","","","","{isMyStory || (!!votedOption && !!story.voteChanged)}","","SOURCE_ONLY_NOT_BROWSER_VERIFIED"
"src/components/StoryDetailModal.tsx","455","dom","button","onClick","onStartAIChat","","","","","","SOURCE_ONLY_NOT_BROWSER_VERIFIED"
"src/components/StoryDetailModal.tsx","480","dom","select","onChange","setCommentFilter","","","","","","SOURCE_ONLY_NOT_BROWSER_VERIFIED"
"src/components/StoryDetailModal.tsx","485","dom","select","onChange","setCommentSort","","","","","","SOURCE_ONLY_NOT_BROWSER_VERIFIED"
"src/components/StoryDetailModal.tsx","515","dom","button","onClick","onLikeComment","","","","","","SOURCE_ONLY_NOT_BROWSER_VERIFIED"
"src/components/StoryDetailModal.tsx","521","dom","button","onClick","setCommentMenuOpenId","","","","","","SOURCE_ONLY_NOT_BROWSER_VERIFIED"
"src/components/StoryDetailModal.tsx","526","dom","button","onClick","setEditingCommentId | setEditingCommentText | setCommentMenuOpenId","","","","","","SOURCE_ONLY_NOT_BROWSER_VERIFIED"
"src/components/StoryDetailModal.tsx","527","dom","button","onClick","onDeleteComment | setCommentMenuOpenId","","","","","","SOURCE_ONLY_NOT_BROWSER_VERIFIED"
"src/components/StoryDetailModal.tsx","532","dom","button","onClick","onReportComment","","","","","","SOURCE_ONLY_NOT_BROWSER_VERIFIED"
"src/components/StoryDetailModal.tsx","540","dom","textarea","onChange","setEditingCommentText","","","","","","SOURCE_ONLY_NOT_BROWSER_VERIFIED"
"src/components/StoryDetailModal.tsx","547","dom","button","onClick","setEditingCommentId","","","","","","SOURCE_ONLY_NOT_BROWSER_VERIFIED"
"src/components/StoryDetailModal.tsx","548","dom","button","onClick","editingCommentText.trim | onEditComment | setEditingCommentId","","","","","","SOURCE_ONLY_NOT_BROWSER_VERIFIED"
"src/components/StoryDetailModal.tsx","577","dom","button","onClick","onRequireLogin","","","""button""","","","SOURCE_ONLY_NOT_BROWSER_VERIFIED"
"src/components/StoryDetailModal.tsx","586","dom","form","onSubmit","","handleCommentSubmit","","","","","SOURCE_ONLY_NOT_BROWSER_VERIFIED"
"src/components/StoryDetailModal.tsx","587","dom","textarea","onChange","setCommentText","","","","","","SOURCE_ONLY_NOT_BROWSER_VERIFIED"
"src/components/StoryDetailModal.tsx","601","dom","button","","","","","""submit""","","","SOURCE_ONLY_NOT_BROWSER_VERIFIED"
"src/components/StoryDetailModal.tsx","618","component","ShareResultBar","onPreview","","handlePreview","","","","","SOURCE_ONLY_NOT_BROWSER_VERIFIED"
"src/components/StoryDetailModal.tsx","628","dom","div","onClick","","closePreview","","","","","SOURCE_ONLY_NOT_BROWSER_VERIFIED"
"src/components/StoryDetailModal.tsx","632","dom","div","onClick","e.stopPropagation","","","","","","SOURCE_ONLY_NOT_BROWSER_VERIFIED"
"src/components/StoryDetailModal.tsx","639","dom","button","onClick","","closePreview","","""button""","","","SOURCE_ONLY_NOT_BROWSER_VERIFIED"
"src/components/WeeklyTopBanner.tsx","92","dom","div","onClick","onSelectStory","","","","","","SOURCE_ONLY_NOT_BROWSER_VERIFIED"
"src/components/WeeklyTopBanner.tsx","211","dom","button","onClick","","toggleBanner","""이전 배너 보기""","","","","SOURCE_ONLY_NOT_BROWSER_VERIFIED"
"src/components/WeeklyTopBanner.tsx","218","dom","button","onClick","","toggleBanner","""다음 배너 보기""","","","","SOURCE_ONLY_NOT_BROWSER_VERIFIED"
"src/components/WeeklyTopBanner.tsx","229","dom","div","onTouchStart","handleDragStart","","","","","","SOURCE_ONLY_NOT_BROWSER_VERIFIED"
"src/components/WeeklyTopBanner.tsx","229","dom","div","onTouchMove","handleDragMove","","","","","","SOURCE_ONLY_NOT_BROWSER_VERIFIED"
"src/components/WeeklyTopBanner.tsx","229","dom","div","onTouchEnd","","handleDragEnd","","","","","SOURCE_ONLY_NOT_BROWSER_VERIFIED"
"src/components/WeeklyTopBanner.tsx","229","dom","div","onMouseDown","handleDragStart","","","","","","SOURCE_ONLY_NOT_BROWSER_VERIFIED"
"src/components/WeeklyTopBanner.tsx","229","dom","div","onMouseMove","handleDragMove","","","","","","SOURCE_ONLY_NOT_BROWSER_VERIFIED"
"src/components/WeeklyTopBanner.tsx","229","dom","div","onMouseUp","","handleDragEnd","","","","","SOURCE_ONLY_NOT_BROWSER_VERIFIED"
"src/components/WeeklyTopBanner.tsx","229","dom","div","onMouseLeave","","handleDragEnd","","","","","SOURCE_ONLY_NOT_BROWSER_VERIFIED"
"src/components/WeeklyTopBanner.tsx","263","dom","button","onClick","setActiveIndex","","{paneLabel(pane.key)}","","","","SOURCE_ONLY_NOT_BROWSER_VERIFIED"
"src/components/WelcomeModal.tsx","100","dom","form","onSubmit","","handleSubmit","","","","","SOURCE_ONLY_NOT_BROWSER_VERIFIED"
"src/components/WelcomeModal.tsx","104","dom","input","onChange","setEmail","","","""email""","","","SOURCE_ONLY_NOT_BROWSER_VERIFIED"
"src/components/WelcomeModal.tsx","116","dom","input","onChange","setPassword","","","""password""","","","SOURCE_ONLY_NOT_BROWSER_VERIFIED"
"src/components/WelcomeModal.tsx","129","dom","input","onChange","setNickname","","","""text""","","","SOURCE_ONLY_NOT_BROWSER_VERIFIED"
"src/components/WelcomeModal.tsx","151","dom","button","","","","","""submit""","{isLoading}","","SOURCE_ONLY_NOT_BROWSER_VERIFIED"
"src/components/WelcomeModal.tsx","161","dom","button","onClick","","onGuestBrowse","","""button""","","","SOURCE_ONLY_NOT_BROWSER_VERIFIED"
"src/components/WelcomeModal.tsx","171","dom","button","onClick","setIsLoginMode | setErrorMsg","","","""button""","","","SOURCE_ONLY_NOT_BROWSER_VERIFIED"
